term,tc_score
防火墙,444.1460
技术,235.1953
网络安全,213.5345
网络,198.2993
产品,163.9399
进行,157.5833
系统,116.7568
计算机,113.7521
信息,107.2966
应用,103.7187
数据,100.5266
network,95.7834
the,93.2317
计算机网络,92.3526
访问,90.5110
攻击,80.5036
数据包,77.7468
security,77.5689
是否,72.4201
检测,72.3663
测评,70.6061
technology,69.8997
功能,69.4882
用户,69.4345
信息安全,68.0342
判定,63.9897
firewall,63.5749
and,63.3930
网络工程,63.2280
实现,61.7088
防护,60.6116
提供,57.8959
方法,57.7092
of,55.7233
设置,54.1754
协议,54.0927
地址,53.6408
IPv6,52.9447
要求,51.1381
情况,49.6370
策略,49.3162
IP,48.6095
能够,46.8565
符合,46.2902
预期,44.4609
验证,44.1939
入侵,44.1227
使用,43.8648
支持,42.0855
安全性,41.9901
information,41.6286
开发者,40.9321
轨道交通,40.3306
HTTP,39.6692
相关,39.4021
分析,38.8927
安全策略,38.4661
规则,35.9336
过滤,35.6686
路由,35.0753
实际,34.5901
服务器,34.3450
研究,33.5876
控制策略,33.0247
连接,32.6805
访问控制,32.4714
配置,32.3498
包括,31.8966
computer,31.6340
管理,31.6212
Snort,31.3119
需要,30.1726
识别,29.9636
日志,29.8501
Web,29.6731
流量,29.4257
问题,29.4086
运行,29.2558
测试,28.9009
检查,27.9611
过程,27.7713
满足,27.6925
采用,27.1257
设计,26.9684
protection,26.9632
接口,26.8290
企业,26.3368
存在,26.2359
匹配,26.2145
保护,26.1532
数据库,25.7099
内容,25.4305
类型,25.2033
Iptables,24.8394
处理,24.6860
环境,24.5630
发展,24.4545
方式,24.0217
application,23.9360
相应,23.7970
提高,23.5693
工作,23.5520
加密技术,23.5369
Internet,23.4650
硬件,22.6211
描述,22.5470
认证,22.0201
互联网,21.9869
客户端,21.9821
模块,21.4475
部署,21.1318
目的,21.1075
网络系统,21.1027
软件,21.0162
影响,20.5132
控制,20.4200
防御,20.3207
计算机病毒,20.2922
CERNET,20.2576
路由器,20.0963
管理员,19.7787
NAT,19.5890
保证,19.3532
威胁,19.0224
作用,19.0207
事件,18.9669
Abstract,18.9370
生效,18.6280
授权,18.3909
利用,18.2248
请求,18.1066
to,18.0937
建立,18.0810
状态,17.9783
选择,17.8279
行为,17.8165
方面,17.7883
区域,17.5043
system,17.5000
加密,17.4093
风险,17.1893
on,17.0732
设备,16.9942
计算机信息,16.8050
子系统,16.6602
划分,16.2745
WEB,16.2115
模式,16.1663
时间,16.1583
based,16.0685
操作,16.0585
资源,15.9963
传输,15.9284
应用层,15.7590
体系结构,15.6909
端口,15.6609
in,15.5836
服务,15.5656
发送,15.5237
所示,15.4000
平台,15.3802
具有,15.3755
产生,15.3701
China,15.3645
身份,14.7731
形式,14.6190
development,14.5672
提升,14.5140
虚拟化,14.3098
监控,14.2163
维护,14.1880
达到,14.1697
Network,14.0804
漏洞,14.0308
能力,13.9827
允许,13.8749
深度,13.6081
机制,13.5991
需求,13.5921
确保,13.5839
Protocol,13.5136
核心,13.4778
病毒,13.4553
嵌入式,13.4144
intrusion,13.3535
detection,13.3461
FPGA,13.2660
有限公司,13.2297
形成,12.9922
IPS,12.9917
校园网,12.9368
MAC,12.8806
黑客,12.6972
保障,12.6914
发现,12.6890
构建,12.6797
Gbps,12.6630
transit,12.6623
参考文献,12.6488
定义,12.6480
Research,12.6366
网络流量,12.6306
计算机系统,12.5940
SPA,12.4581
TCP,12.4222
人们,12.4128
模型,12.3933
防止,12.3915
目标,12.3451
cybersecurity,12.2329
权限,12.0726
发生,12.0686
信息技术,12.0418
配置管理,12.0090
关键词,11.9313
动态,11.7882
记录,11.7759
Keywords,11.7315
速率,11.5949
数字,11.5161
接入,11.4842
增加,11.4645
源地址,11.4597
吞吐量,11.4334
IPv4,11.4172
Linux,11.1865
解析,11.1745
时间段,10.9515
造成,10.8815
基础,10.8664
this,10.8428
垃圾邮件,10.8407
条件,10.8398
设定,10.5947
参数,10.5716
包含,10.5370
网络层,10.5096
IEC,10.5036
paper,10.4893
文件,10.4200
优化,10.3001
节点,10.2962
受到,10.2909
传统,10.2745
报文,10.2658
执行,10.2528
发起,10.2240
GB,10.2232
证据,10.2163
文档,10.2154
小于,10.2154
routing,10.1473
packet,10.1258
性能,10.0619
出口,10.0334
IDS,10.0116
University,9.9904
恶意,9.9837
无法,9.9756
完成,9.9690
出现,9.9666
用于,9.9475
具备,9.9451
统计,9.9379
Security,9.9292
提出,9.6692
结合,9.6617
网络通信,9.6559
程序,9.6162
产品设计,9.6078
信息化,9.5909
ISP,9.5726
Fig,9.5583
resources,9.5488
for,9.4620
Application,9.3743
体系,9.3699
带来,9.3632
部分,9.3532
Packet,9.3352
control,9.2888
标准,9.2848
自动,9.1897
虚拟,9.1854
考虑,9.0819
网络资源,9.0695
限制,9.0489
管理系统,9.0357
Firewall,9.0312
生命周期,9.0140
Technology,8.9936
网闸,8.8492
阶段,8.7760
插件,8.7731
成为,8.7607
特点,8.7598
集成,8.6739
technologies,8.6195
分布式,8.6072
完整性,8.5981
智能,8.5444
建设,8.4855
S3C2440,8.4737
列表,8.4699
不能,8.4670
没有,8.4634
得到,8.4548
信息系统,8.4518
转换,8.4347
iptables,8.4304
措施,8.3963
转发,8.3545
engineering,8.3179
特征,8.3030
档案,8.2746
油田,8.2403
属于,8.1776
算法,8.1730
局域网,8.1604
导致,8.1596
评估,8.1540
摘要,8.1534
服务端,8.1457
登录,8.1426
工具,8.1394
problems,8.1325
analysis,8.1268
DMZ,8.1030
FTP,8.0992
关键字,8.0969
一致性,8.0928
信任,7.8982
密钥,7.8924
安装,7.8693
防范,7.8692
避免,7.8580
活动,7.8514
TCAM,7.8390
Flood,7.6752
filtering,7.6410
加强,7.5863
扫描,7.5520
拦截,7.5504
修改,7.5389
隔离,7.2901
生活,7.2632
函数,7.2609
接收,7.2608
进入,7.2605
原理,7.2560
方向,7.2500
分为,7.2474
通信协议,7.2468
Computer,7.2257
应用程序,7.2246
IP地址,7.2232
产品安全,7.2054
测试仪,7.1406
架构,7.1038
信号,7.0840
结构,7.0036
Based,6.9928
header,6.9835
因素,6.9753
场景,6.9678
降低,6.9542
边界,6.9448
带宽,6.9356
审计,6.9355
rail,6.9253
合理,6.8732
improve,6.7658
数据流,6.6975
稳定性,6.6925
可靠性,6.6914
UDP,6.6905
代理,6.6839
authorization,6.6828
网关,6.6778
改变,6.6594
密码,6.6502
逻辑,6.6446
网络地址,6.6346
NIDS,6.6317
SMTP,6.6119
攻击行为,6.6116
时代,6.6110
限于,6.6108
远程管理,6.6050
time,6.4846
路径,6.3778
合法,6.3555
独立,6.3537
物理,6.3494
基本,6.3415
现场,6.3356
业务,6.3345
万兆,6.3107
Alice,6.3059
Flash,6.3053
TP393,6.2919
因特网,6.2321
处理器,6.2245
非对称,6.2222
The,6.2161
分类号,6.2101
TELNET,6.2075
价值,6.0662
屏障,6.0661
可能,6.0578
效率,6.0552
区块,6.0390
升级,6.0270
IMAP,6.0085
POP3,6.0085
使用性能,6.0045
College,5.9141
终端,5.9031
范围,5.8862
重视,5.7724
水平,5.7699
程度,5.7543
端口号,5.7431
SFP,5.7419
领域,5.7397
攻击者,5.7354
URL,5.7341
对应,5.7334
处于,5.7323
Netfilter,5.7261
输出,5.7220
主体,5.7202
开启,5.7197
隧道,5.7189
口令,5.7179
科技,5.6305
match,5.5948
监测,5.4621
屏蔽,5.4590
ensure,5.4562
跟踪,5.4553
policy,5.4530
方案,5.4501
学院,5.4484
大量,5.4465
管理人员,5.4419
链路,5.4419
篡改,5.4410
列车,5.4390
生成,5.4368
also,5.4282
数据安全,5.4278
处理单元,5.4270
网络应用,5.4267
internal,5.4244
external,5.4244
版本,5.4231
组合,5.4223
比例,5.4119
文件类型,5.4041
关键,5.3445
入侵者,5.2823
VPN,5.2767
WAF,5.2748
出口路,5.2705
标识码,5.2587
SQL,5.2397
全面,5.1646
单元,5.1559
内网,5.1540
阻断,5.1534
成本,5.1493
阻止,5.1454
生产,5.1412
整体,5.1365
实施,5.1352
车载,5.1331
字节,5.1077
is,5.0869
current,5.0739
request,5.0610
计算,5.0488
Bootloader,5.0064
trust,4.9017
Match,4.8999
Table,4.8906
部门,4.8732
泄露,4.8575
减少,4.8528
北京,4.8478
子网,4.8474
断开,4.8464
学报,4.8455
起到,4.8428
才能,4.8425
面临,4.8418
调整,4.8390
文章,4.8381
中国,4.8378
删除,4.8375
选项,4.8368
交互,4.8351
负载,4.8338
禁止,4.8318
ICMP,4.8313
解决方案,4.8272
系统安全,4.8251
数据结构,4.8238
type,4.8223
关键技术,4.8191
人工智能,4.8179
延迟,4.8163
网络连接,4.8134
告警,4.8109
网络接口,4.8108
低于,4.8072
隔离区,4.8056
开放性,4.7913
结束语,4.7901
SYN,4.7889
Intrusion,4.7815
P2P,4.7754
equipment,4.7687
高性能,4.7650
分类,4.7131
mainly,4.6822
people,4.6792
single,4.6749
fwknop,4.6749
access,4.6701
返回,4.6697
authentication,4.5798
传递,4.5537
判断,4.5512
外网,4.5454
概述,4.5415
不会,4.5385
消息,4.5379
analyzes,4.5168
strategy,4.5161
response,4.5074
尝试,4.5068
SnortIptables,4.4524
故障,4.3807
安全网,4.3257
包转发,4.3139
can,4.3094
路由表,4.2977
后门,4.2654
完善,4.2538
单包,4.2513
公网,4.2433
流程,4.2423
关注,4.2409
来自,4.2346
forward,4.2346
DM9000A,4.2345
Applied,4.2328
illegal,4.2313
接受,4.2277
dynamic,4.2267
This,4.2262
zero,4.2257
Nmap,4.2257
对比,4.2253
more,4.2251
调用,4.2237
between,4.2228
systems,4.2206
加密算法,4.2203
存储介质,4.2195
general,4.2188
基金项目,4.2172
客体,4.2123
保护计算机,4.2105
绑定,4.2101
Agent,4.2088
新建,4.2063
计算机技术,4.2045
convenience,4.1689
intelligent,4.1656
Engineering,4.1645
出版社,4.1570
Inspection,4.0012
techniques,3.9968
industrial,3.9961
传送,3.9555
运用,3.9494
现象,3.9464
已知,3.9444
优点,3.9420
手段,3.9413
指定,3.9410
应该,3.9408
发挥,3.9394
网站,3.9376
获取,3.9354
响应,3.9338
专用,3.9338
制定,3.9323
指标,3.9279
抵御,3.9279
典型,3.9264
默认,3.9216
组件,3.9195
语句,3.9186
必需,3.9145
百兆,3.9066
export,3.8970
System,3.8961
FWKNOP,3.8958
client,3.8937
status,3.8890
Server,3.8888
Access,3.8884
ISATAP,3.8797
ICMPv6,3.8797
SDT,3.8502
连通率,3.8451
OSI,3.8400
内部网,3.8380
以太网,3.8338
Bob,3.8332
工作量,3.8278
预处理,3.8250
Computing,3.8207
有效性,3.8187
保密性,3.8111
翻译,3.6735
传播,3.6562
获得,3.6476
提取,3.6456
收到,3.6381
扩展,3.6366
信息内容,3.6324
国家,3.6320
相比,3.6307
网络结构,3.6299
加入,3.6296
网络服务,3.6286
measures,3.6285
NAND,3.6282
安全系数,3.6280
效果,3.6279
电子科技,3.6267
传输技术,3.6252
IEEE,3.6252
可信,3.6252
步骤,3.6248
技术手段,3.6236
防御能力,3.6227
data,3.6187
ASIC,3.6180
With,3.6175
项目编号,3.6170
Networks,3.6166
issn,3.6165
Business,3.6161
关闭,3.6149
网络设备,3.6144
mail,3.6143
注入,3.6117
超过,3.6094
AddOptFuncToList,3.6089
持续时间,3.6027
struct,3.5076
系统管理员,3.4936
train,3.4926
HTTPS,3.4851
identification,3.4325
SANGFOR,3.3907
Product,3.3876
WINDOWS,3.3856
attacks,3.3836
article,3.3832
applied,3.3824
Science,3.3811
Zhuzhou,3.3766
档案馆,3.3691
PIX,3.3648
BUN,3.3648
重要性,3.3585
Ltd,3.3541
交换机,3.3540
has,3.3510
教育网,3.3509
RTN,3.3493
灵活性,3.3485
位置,3.3470
International,3.3466
线路,3.3462
复杂度,3.3449
木马,3.3446
双重,3.3435
规划,3.3421
Vulnerability,3.3414
重点,3.3408
丢弃,3.3377
只能,3.3363
Cybersecurity,3.3362
采取,3.3346
组成,3.3343
仿真器,3.3316
决定,3.3293
适用,3.3293
采集,3.3278
进程,3.3278
启动,3.3276
缺陷,3.3275
会话,3.3218
Pw,3.3214
标识,3.3111
鉴别,3.3067
电脑,3.2561
significance,3.2436
requirements,3.2369
increasingly,3.2361
Applications,3.2351
applications,3.2341
Architecture,3.2335
大学,3.1997
共享,3.1912
综合,3.1891
解决,3.1860
社会,3.1804
速度,3.1318
Information,3.1287
maintenance,3.1247
traditional,3.1231
effectively,3.1219
School,3.1201
Silver,3.1188
safety,3.1167
ubuntu,3.1166
double,3.1166
Geneva,3.1098
电子,3.0895
面对,3.0544
转化,3.0437
未知,3.0416
突出,3.0409
解密,3.0407
涉及,3.0368
隐藏,3.0359
区别,3.0357
实验,3.0347
原则,3.0345
互联网络,3.0342
网址,3.0337
重组,3.0329
发布,3.0311
占用,3.0307
变化,3.0305
用来,3.0303
负责,3.0295
城市,3.0294
收稿,3.0288
介绍,3.0276
映射,3.0274
输入,3.0257
评价,3.0235
端口地址,3.0231
信息管理,3.0220
对象,3.0209
可扩展性,3.0208
攻击方式,3.0202
局域网络,3.0193
明文,3.0192
工作人员,3.0185
WANG,3.0184
html,3.0183
init,3.0179
责任编辑,3.0172
such,3.0157
Deep,3.0150
响应函数,3.0149
关系,3.0120
安全漏洞,3.0113
机车车辆,3.0097
存储设备,3.0088
交付,3.0088
strengthen,3.0065
Vocational,3.0063
POST,3.0052
列出,3.0045
capability,3.0034
OSPF,3.0023
encryption,3.0015
Management,3.0004
processing,2.9980
blockchain,2.9956
Autoconfig,2.9911
特殊性,2.8885
中心,2.8827
BWV,2.8781
传输层,2.8762
存储器,2.8750
局限性,2.8732
www,2.8725
OTN,2.8708
computing,2.8703
isolation,2.8697
principle,2.8695
efficient,2.8684
prominent,2.8683
Detection,2.8659
Institute,2.8637
stability,2.8636
expansion,2.8630
Technical,2.8622
SignalTap,2.8619
firewalls,2.8609
mechanism,2.8608
标准化,2.8593
lifecycle,2.8588
成功率,2.8556
process,2.8299
Proc,2.8214
Fuxin,2.8125
人员,2.8110
计算机科学,2.8100
计算机用户,2.8075
rapid,2.8065
网络管理员,2.8047
办公自动化,2.8031
basis,2.8023
SDRAM,2.8015
https,2.8010
route,2.8009
服务器发送,2.8000
study,2.8000
which,2.7999
Death,2.7921
思科,2.7468
宿主,2.7464
NOVEMBER,2.7460
旁路,2.7448
收集,2.7430
缺乏,2.7429
职业,2.7401
监管,2.7400
报警,2.7354
静态,2.7343
优先,2.7311
缓存,2.7300
流经,2.7292
高校,2.7271
上位,2.7270
特性,2.7269
统一,2.7266
规定,2.7243
优势,2.7233
启用,2.7233
Wireless,2.7174
ELECTRIC,2.7164
计划,2.7162
命令,2.7161
不可,2.7157
保存,2.7147
Analysis,2.7143
solution,2.7135
specific,2.7112
失败,2.7093
research,2.7089
National,2.7088
identity,2.7087
invasion,2.7085
Electric,2.7071
表明,2.7045
报表,2.7041
Transfer,2.7014
TearDrop,2.7014
as,2.6865
设施,2.5822
defense,2.5456
Taiyuan,2.5419
example,2.5415
designs,2.5381
Digital,2.5376
content,2.5371
Current,2.5370
viruses,2.5361
Journal,2.5352
Routing,2.5347
Control,2.5321
console,2.5280
瘫痪,2.4465
云端,2.4463
电路,2.4455
破坏,2.4360
技术人员,2.4355
意识,2.4349
意义,2.4349
网路,2.4336
入手,2.4324
后续,2.4320
阐述,2.4319
通用,2.4312
原因,2.4309
窃取,2.4304
进出,2.4301
经典,2.4293
侵入,2.4285
保护模式,2.4281
网络管理,2.4269
电子商务,2.4265
重点保护,2.4262
保护方式,2.4262
筛选,2.4257
拒绝,2.4257
下载,2.4246
避免出现,2.4237
安全级别,2.4233
分配,2.4214
个人信息,2.4211
行业,2.4204
some,2.4198
目的地,2.4190
决策,2.4188
机密信息,2.4186
nmap,2.4183
with,2.4182
that,2.4166
混合,2.4159
大大降低,2.4159
共识,2.4156
运维,2.4154
have,2.4148
home,2.4147
vm03,2.4147
查询,2.4135
参考模型,2.4122
设计方案,2.4108
实时性,2.4100
deep,2.4088
状态表,2.4085
本地用户,2.4064
网络游戏,2.4061
AddRspFuncToList,2.4060
Ping,2.4058
阈值,2.4046
附录,2.4036
SNMP,2.4018
HEAD,2.4018
Gbit,2.4018
Mbit,2.4018
安全措施,2.4018
功能测试,2.4018
针对性,2.3982
cnc,2.3957
依赖性,2.3933
MHz,2.3928
门阵列,2.3924
根目录,2.3923
源程序,2.3923
DOI,2.3922
its,2.3920
DAC,2.3872
GET,2.3826
BGP,2.3797
RIP,2.3797
健壮性,2.3797
音视频,2.3797
Certificateless,2.3557
Sensor,2.3438
virual,2.3435
Higher,2.3430
brings,2.3429
become,2.3424
IXP425,2.3405
hacker,2.3378
report,2.3375
campus,2.3374
Safety,2.3368
static,2.3365
Design,2.3357
method,2.3352
actual,2.3336
Harbin,2.3319
VMware,2.3278
Citrix,2.3278
popularization,2.2954
Implementation,2.2923
RegisterPlugin,2.2904
Communications,2.2903
质量,2.2412
Snortiptables,2.2292
Authorization,2.2276
configuration,2.2271
communication,2.2261
basedfirewall,2.2212
confidential,2.1613
construction,2.1606
architecture,2.1584
programmable,2.1570
Programmable,2.1570
verification,2.1560
Authenticate,2.1549
intelligence,2.1549
深层,2.1403
资料,2.1396
理论,2.1373
途径,2.1339
取得,2.1329
封包,2.1322
盗取,2.1321
体现,2.1310
上接,2.1305
促进,2.1290
任务,2.1279
深入,2.1278
继续,2.1267
代表,2.1266
做好,2.1259
开展,2.1256
前提,2.1256
指向,2.1256
探讨,2.1250
引起,2.1247
工业,2.1245
引言,2.1244
空间,2.1243
认为,2.1242
无线,2.1242
防线,2.1240
代码,2.1228
注册,2.1226
已有,2.1224
编码,2.1214
增强,2.1213
底层,2.1203
概念,2.1202
在于,2.1200
层面,2.1195
格式,2.1190
添加,2.1189
引用,2.1138
查看,2.1120
支撑,2.1100
说明,2.1085
代理服务器,2.1082
计算机硬件,2.1071
model,2.1069
cloud,2.1069
搭建,2.1066
POWER,2.1062
线速,2.1051
准备,2.1043
角色,2.1032
ZHANG,2.1030
over,2.1023
value,2.1018
limit,2.1017
index,2.1007
Using,2.1007
Trust,2.1007
using,2.1004
Audio,2.1001
计算机软件,2.0995
risks,2.0991
Field,2.0987
parse,2.0987
check,2.0987
print,2.0987
In,2.0970
HUANG,2.0959
audit,2.0956
Proceedings,2.0872
reliability,2.0841
realization,2.0835
implemented,2.0827
performance,2.0825
addressable,2.0817
Addressable,2.0817
description,2.0816
integration,2.0800
Comparative,2.0796
公司,2.0366
at,2.0247
Electronic,2.0070
protective,2.0062
management,2.0050
experience,2.0028
governance,2.0017
Conference,2.0016
metallurgy,2.0016
occupation,2.0016
Forresters,2.0005
Networking,2.0005
indicators,2.0002
Automation,2.0000
inspection,1.9992
Connection,1.9977
Protection,1.9975
activities,1.9971
automation,1.9971
artificial,1.9971
systematic,1.9968
项目,1.9836
芯片,1.9768
硕士,1.9755
级别,1.9698
现代化,1.9375
链路层,1.9261
合理化,1.9257
分类器,1.9246
供电局,1.9239
经济,1.9230
气象局,1.9226
使用者,1.9210
物理层,1.9199
侧重于,1.9190
CPU,1.9187
CAD,1.9181
doi,1.9169
not,1.9167
拓扑图,1.9153
dangerous,1.9150
机密性,1.9145
寄存器,1.9140
网络化,1.9139
src,1.9139
situation,1.9138
加解密,1.9126
API,1.9117
示意图,1.9111
technical,1.9107
continued,1.9104
influence,1.9104
PKI,1.9098
classical,1.9093
FORRESTER,1.9093
optimized,1.9093
important,1.9088
用户名,1.9064
Authorize,1.9059
evolution,1.9059
规范性,1.9038
NTP,1.9038
PUT,1.9038
数据表,1.9038
主产品,1.9038
分析仪,1.9038
Hypertext,1.9029
XenServer,1.9029
广州,1.8533
复合,1.8533
溢出,1.8398
足够,1.8373
宣传,1.8354
待机,1.8354
节能,1.8354
电缆,1.8347
电声,1.8337
做出,1.8336
蠕虫,1.8329
开关,1.8309
了解,1.8306
IT,1.8302
显得,1.8301
构成,1.8273
消除,1.8273
帮助,1.8272
单位,1.8271
渠道,1.8261
电信,1.8260
发包,1.8252
传真,1.8252
移动,1.8246
理解,1.8244
科学,1.8242
简化,1.8242
适应,1.8233
时会,1.8230
更改,1.8227
注意,1.8224
打开,1.8219
导致用户,1.8207
结语,1.8206
实践,1.8201
致使,1.8199
守护,1.8190
日益,1.8187
by,1.8186
审查,1.8184
管控,1.8183
puts,1.8183
角度,1.8182
资产,1.8180
技术水平,1.8178
技术指标,1.8178
特殊要求,1.8178
信息处理,1.8178
保证数据,1.8178
办公设备,1.8177
构造,1.8174
Shaoxing,1.8172
运行状况,1.8167
包率,1.8159
学习,1.8159
保证系统,1.8157
GDOP,1.8155
面向,1.8153
危害,1.8146
应对,1.8146
负面影响,1.8144
发送信息,1.8144
追溯,1.8142
area,1.8141
缺省,1.8138
不断扩大,1.8138
used,1.8135
预警,1.8134
Liaoning,1.8131
手工,1.8127
政府部门,1.8125
自动识别,1.8123
丢失,1.8122
网页,1.8121
indd,1.8121
same,1.8119
合约,1.8117
充分利用,1.8111
工作频率,1.8110
NIST,1.8110
HMAC,1.8110
Host,1.8110
Zero,1.8110
访问速度,1.8110
Case,1.8110
网络协议,1.8109
上传,1.8108
盗用,1.8108
基础设施,1.8105
existing,1.8105
combined,1.8103
保障系统,1.8103
制约,1.8099
embedded,1.8094
PORT,1.8092
Strategy,1.8092
信号处理,1.8090
集成电路,1.8090
DDR3,1.8090
模式匹配,1.8089
数字签名,1.8088
联动,1.8086
eth0,1.8086
eth1,1.8086
practice,1.8085
核心技术,1.8085
TRDP,1.8085
maintain,1.8084
networks,1.8084
From,1.8083
Hangzhou,1.8081
platform,1.8081
变更,1.8079
Starting,1.8073
Advanced,1.8073
存储资源,1.8073
provides,1.8072
host,1.8069
proposed,1.8069
南京航空航天大学,1.8069
集合,1.8064
网络空间,1.8063
internet,1.8063
Flexresp,1.8060
Makefile,1.8060
designed,1.8059
控制措施,1.8058
True,1.8058
Perm,1.8058
TANG,1.8054
protocol,1.8053
双向,1.8051
高可用性,1.8044
系统集成,1.8044
industry,1.8039
系统日志,1.8039
性能指标,1.8039
指南,1.8037
逃逸,1.8027
CSRF,1.8014
ESXi,1.8014
股票交易,1.8014
电子邮件,1.8014
存储周期,1.8014
存储空间,1.8014
测试计划,1.8014
WEBshell,1.8009
Nanjing,1.7077
高等教育出版社,1.7077
healthy,1.6977
forming,1.6975
barrier,1.6975
through,1.6972
virtual,1.6960
society,1.6954
concern,1.6947
OVPNBSD,1.6947
Qingdao,1.6947
gateway,1.6947
ARM920T,1.6938
purpose,1.6928
latency,1.6917
SERVICE,1.6917
scanned,1.6917
seconds,1.6917
MobiCom,1.6917
Systems,1.6909
Chinese,1.6907
Ternary,1.6904
Kaifeng,1.6904
plugins,1.6904
FORWARD,1.6904
Defense,1.6897
Chengdu,1.6894
Gateway,1.6894
digital,1.6883
rolling,1.6883
railway,1.6883
SYSYLOG,1.6853
开放,1.6718
ACMConfereneeonComPuterandCommunieationsSe,1.6228
al,1.6192
Conf,1.6146
testingassessmentapproachesforfirewall,1.5748
Co,1.5685
CoderedPropagationmodelingandanalysis,1.5680
Shanxi,1.5625
audioe,1.5619
服务器上安装,1.5619
common,1.5613
Public,1.5607
before,1.5594
Shunli,1.5594
mining,1.5594
Career,1.5594
appear,1.5594
Aiming,1.5588
Center,1.5588
Single,1.5583
Defend,1.5583
syslog,1.5583
Estrin,1.5583
Mobile,1.5583
Annual,1.5583
国防科技大学,1.5578
武汉理工大学,1.5578
secure,1.5573
memory,1.5570
Memory,1.5570
Altera,1.5570
sizeof,1.5569
Double,1.5569
Secure,1.5565
Modern,1.5560
trends,1.5549
across,1.5549
Source,1.5546
Simple,1.5546
Cookie,1.5523
SYSLOG,1.5519
Radius,1.5519
后果,1.5440
FO,1.5364
利益,1.5307
账号,1.5295
力度,1.5289
监视,1.5287
体验,1.5283
工艺,1.5277
编号,1.5272
应急,1.5269
accountcredentialenumerationattack,1.5267
起来,1.5263
截获,1.5258
标志,1.5255
处置,1.5255
暴露,1.5244
尺度,1.5239
讲师,1.5238
涉密,1.5234
扩充,1.5231
联系,1.5225
阻碍,1.5222
掌握,1.5212
普及,1.5210
依靠,1.5209
总结,1.5204
瓶颈,1.5203
加大,1.5203
信服,1.5199
外界,1.5199
给出,1.5196
世界,1.5189
驱动,1.5188
现状,1.5187
网速,1.5187
称为,1.5182
编程,1.5182
确认,1.5181
维度,1.5181
隐患,1.5180
希望,1.5177
看到,1.5174
到达,1.5174
遵循,1.5174
分离,1.5173
公钥,1.5170
总体,1.5168
约束,1.5167
被动,1.5166
普通,1.5162
遭到,1.5161
成都,1.5159
查找,1.5159
厂商,1.5156
泄漏,1.5144
精准,1.5143
备份,1.5142
警报,1.5120
机构,1.5115
保持,1.5112
寻址,1.5111
顺序,1.5104
为主,1.5104
make,1.5099
代替,1.5093
展示,1.5091
提示,1.5088
报告,1.5085
集群,1.5068
在外,1.5068
下列,1.5065
丢包,1.5051
批量,1.5045
畸形,1.5023
证实,1.5023
抵抗,1.5023
Securitytechnicalrequirementsand,1.5005
Informationsecuritytechnology,1.4578
接收者,1.4464
最大化,1.4443
山西省,1.4431
防病毒,1.4429
设计院,1.4417
lot,1.4416
流程图,1.4412
org,1.4411
控制器,1.4405
浏览器,1.4404
全过程,1.4400
称之为,1.4389
开放式,1.4388
数据量,1.4388
内外部,1.4388
特异性,1.4386
核心网,1.4375
高效率,1.4374
有助于,1.4374
VRC,1.4374
Vrc,1.4374
hoc,1.4374
运营商,1.4371
黑名单,1.4369
工程师,1.4367
优缺点,1.4366
黄芝平,1.4355
鲁佳琪,1.4355
DPI,1.4355
高密度,1.4355
子目录,1.4354
主程序,1.4354
key,1.4351
知识库,1.4348
有利于,1.4345
智能化,1.4335
严重者,1.4330
new,1.4328
up,1.4327
渗透性,1.4322
超文本,1.4309
脆弱性,1.4305
结构化,1.4303
设定值,1.4299
XSS,1.4278
指导性,1.4278
KVM,1.4278
NDP,1.4278
占用率,1.4278
流媒体,1.4278
段长度,1.4278
字段名,1.4278
中间件,1.4278
图形化,1.4278
操作员,1.4278
审计员,1.4278
高风险,1.4278
CVE,1.4278
be,1.4190
计算机领域,1.4109
保障计算机,1.4109
环境中运行,1.4062
great,1.4062
Intel,1.4061
years,1.4061
order,1.4043
Model,1.4042
Ezhou,1.4035
users,1.4028
While,1.4028
Wuhan,1.4025
gives,1.4025
solve,1.4024
final,1.4021
Zhang,1.4016
Gansu,1.4016
MODEM,1.4016
SETUP,1.4016
saved,1.4015
Power,1.4012
layer,1.4012
depth,1.4012
After,1.4010
STATE,1.4005
Urban,1.3995
array,1.3992
Array,1.3992
tusII,1.3992
makes,1.3991
ALIGN,1.3991
TP309,1.3991
Layer,1.3987
SNORT,1.3985
speed,1.3981
means,1.3978
Sport,1.3971
Dport,1.3971
board,1.3971
False,1.3971
twins,1.3971
stock,1.3971
Hunan,1.3971
Cross,1.3941
电力,1.3805
webapplicationfirewall,1.3383
Address,1.2702
FirewallTechnology,1.2626
Setupsnortiptables,1.2540
Telecommunications,1.2529
包被,1.2344
CliffChangehunZou,1.2314
预测,1.2309
分析判断,1.2307
an,1.2306
Snortiptablesinit,1.2292
确定,1.2286
汇总,1.2274
昆明,1.2274
透明,1.2273
阜新,1.2262
验收,1.2262
配合,1.2260
位于,1.2243
类别,1.2241
存取,1.2237
端端,1.2237
减排,1.2236
中断,1.2235
损害,1.2234
身份验证,1.2233
用户加密,1.2233
机械设计,1.2233
复制,1.2225
http,1.2220
外泄,1.2216
感染,1.2214
阀门,1.2209
堡垒,1.2206
遗失,1.2206
传感,1.2205
强化,1.2203
认知,1.2197
遍布,1.2196
湖南,1.2194
流通,1.2193
员工,1.2189
适用范围,1.2187
光盘,1.2186
预先,1.2186
定制,1.2186
国网,1.2185
窃听,1.2184
OL,1.2183
尤为重要,1.2183
程序开发,1.2178
投入使用,1.2178
黑客技术,1.2178
系统漏洞,1.2178
灵活运用,1.2178
断电,1.2178
编写,1.2172
文化,1.2171
交流,1.2171
补充,1.2169
白银,1.2168
家庭,1.2168
联通,1.2168
局面,1.2168
促使,1.2168
出来,1.2167
类似,1.2164
全局,1.2164
结论,1.2163
表现,1.2159
挑战,1.2159
放置,1.2159
源端,1.2157
机会,1.2156
闭合,1.2155
遭受,1.2153
加以,1.2152
发出,1.2152
论文,1.2152
页面,1.2152
动作,1.2150
入口,1.2150
规范,1.2149
修复,1.2149
出去,1.2148
框架,1.2147
差异,1.2145
链接,1.2145
杀毒,1.2144
引导,1.2143
协同,1.2138
应答,1.2137
网通,1.2136
经济社会,1.2133
融合,1.2132
拥有,1.2132
USES,1.2131
系统故障,1.2131
资源共享,1.2131
电力公司,1.2131
培训教材,1.2131
水利水电,1.2131
加上,1.2131
属性,1.2130
并行,1.2126
创建,1.2126
免费,1.2124
名称,1.2123
分流,1.2120
测控,1.2120
NP,1.2120
链表,1.2119
消极因素,1.2119
证书,1.2117
选用,1.2117
服务类型,1.2116
全部,1.2116
推动,1.2115
无需,1.2114
Wuxi,1.2113
资金投入,1.2113
科学合理,1.2113
显示,1.2113
杭州,1.2112
root,1.2110
系统资源,1.2110
保护措施,1.2110
时代背景,1.2110
DDoS,1.2110
即时通讯,1.2110
from,1.2105
激励,1.2105
病毒感染,1.2104
产品种类,1.2104
系统结构,1.2104
help,1.2104
处理速度,1.2103
主动攻击,1.2103
关联,1.2101
界面,1.2099
分解,1.2098
基本功能,1.2097
放行,1.2097
从事,1.2096
提供数据,1.2094
终端设备,1.2094
层次结构,1.2094
程序设计,1.2094
硕士学位,1.2094
risk,1.2091
core,1.2090
区分,1.2089
武汉大学,1.2088
open,1.2088
Grid,1.2087
被盗,1.2087
Wang,1.2086
多种类型,1.2086
will,1.2084
电脑主机,1.2084
公共服务,1.2084
网络设施,1.2084
关键因素,1.2084
优惠政策,1.2084
传输速度,1.2084
Bing,1.2083
very,1.2081
side,1.2081
设计模式,1.2081
系统配置,1.2081
二者,1.2080
实例,1.2079
株洲,1.2078
链式,1.2078
架构设计,1.2076
flow,1.2073
QEMU,1.2073
done,1.2073
Your,1.2073
飞速发展,1.2073
数据通信,1.2072
安全卫士,1.2072
严重威胁,1.2070
关键在于,1.2069
触发,1.2068
木马病毒,1.2068
数据备份,1.2066
并发,1.2065
Meng,1.2065
User,1.2062
HOST,1.2062
传输速率,1.2060
数字信号,1.2060
SRAM,1.2060
数据处理,1.2060
Quar,1.2060
师范大学,1.2059
part,1.2058
Open,1.2058
管理中心,1.2056
原始数据,1.2053
PENG,1.2050
网络拓扑,1.2050
show,1.2046
利用网络,1.2046
关键问题,1.2046
协同工作,1.2044
junk,1.2043
服务器端,1.2040
国际标准,1.2039
计算环境,1.2039
加密传输,1.2039
数据管理,1.2039
列车运行,1.2039
CRRC,1.2039
退出,1.2039
CHEN,1.2037
dressTranslation,1.2037
组网,1.2029
错误,1.2023
interconnections,1.2019
配额,1.2018
下发,1.2018
含义,1.2018
模拟,1.2018
集团股份,1.2009
Site,1.2009
LDAP,1.2009
产品数量,1.2009
测试工具,1.2009
Land,1.2009
databasefirewall,1.2005
characteristics,1.1837
Countermeasures,1.1779
Identification,1.1575
Meteorological,1.1474
Rehabilitation,1.1474
HY57V561620FTP,1.1469
Virtualization,1.1462
virtualization,1.1462
SouthwestMinzu,1.1459
Classification,1.1442
corresponding,1.1218
通讯,1.1198
Petrification,1.1187
Deterministic,1.1159
eavesdropping,1.1153
Securityatthe,1.1153
Survivability,1.1153
comprehensive,1.1148
Comprehensive,1.1138
Inspectionona,1.1131
disadvantages,1.1131
Snortlptables,1.1131
collaboration,1.1121
Demilitarized,1.1106
Construction,1.0841
achievements,1.0814
distribution,1.0813
Developments,1.0813
Cryptography,1.0813
transmission,1.0806
interception,1.0806
ADistributed,1.0806
Arehiteeture,1.0806
Conferenee11,1.0806
andReporting,1.0792
Cyberattacks,1.0792
publications,1.0792
conservation,1.0791
localization,1.0791
Mechatronics,1.0785
inadequacies,1.0785
Heilongjiang,1.0777
embezzlement,1.0777
GJE201302139,1.0777
interactions,1.0774
accelerating,1.0774
reverseproxy,1.0759
个人,1.0699
原始,1.0680
interaction,1.0509
are,1.0452
Mcaltimedia,1.0445
Qiandongnan,1.0438
Polytechnic,1.0438
outstanding,1.0438
danqanbaohu,1.0436
limitations,1.0436
Categorical,1.0436
proceedings,1.0436
feasibility,1.0435
established,1.0435
enterprises,1.0435
Charlespa0e,1.0430
Topological,1.0430
suggestions,1.0430
Electronics,1.0425
credentials,1.0415
Corsoldaion,1.0415
Intelligent,1.0415
positioning,1.0415
researching,1.0408
Transceiver,1.0408
Integration,1.0408
develppment,1.0408
UNREACHICMP,1.0408
AddR2spFunc,1.0408
OptTreeNode,1.0408
InitPlugins,1.0408
MatchTarget,1.0408
measurement,1.0400
locomotives,1.0398
environment,1.0398
Destination,1.0383
Deployment,1.0119
Industrial,1.0082
enterprise,1.0079
comparison,1.0052
MuDtimediA,1.0032
production,1.0032
intrusions,1.0032
strategies,1.0032
monitoring,1.0032
MCDtimediA,1.0032
accordance,1.0025
introduced,1.0025
Netherland,1.0024
Enterprise,1.0023
deployment,1.0023
investment,1.0023
frequently,1.0023
Prevention,1.0021
javaApplet,1.0018
authorized,1.0017
ultimately,1.0017
Properties,1.0017
Department,1.0017
disclosure,1.0017
reasonably,1.0017
continuous,1.0013
throughput,1.0013
K9F1208U0M,1.0013
WebService,1.0006
Laboratory,1.0002
Commission,1.0002
evaluation,1.0002
alleviates,1.0002
Opensource,1.0002
experiment,1.0002
rooteAlice,1.0002
Connecting,1.0002
tenational,1.0002
cipherdyne,1.0002
CIPHERDYNE,1.0002
profession,1.0002
importance,1.0002
estimation,1.0002
multimodal,1.0002
Srivastava,1.0002
irrelevant,0.9996
q466729206,0.9996
Integrated,0.9996
makinstall,0.9996
extensions,0.9996
Profession,0.9988
researches,0.9988
prevention,0.9988
YFB4300600,0.9985
Comparison,0.9985
cyberspace,0.9985
generation,0.9985
operations,0.9985
efficiency,0.9985
boundaries,0.9985
classifies,0.9985
summarizes,0.9985
mainstream,0.9985
dragattack,0.9970
Addressing,0.9970
Structured,0.9970
NetMeeting,0.9970
Key,0.9918
关键点,0.9693
预见性,0.9687
大面积,0.9687
私密性,0.9687
适应性,0.9687
付俊芹,0.9687
可用性,0.9670
个性化,0.9665
高质量,0.9664
形式化,0.9664
可能性,0.9660
any,0.9650
but,0.9646
Fei,0.9641
隐秘性,0.9641
曾袁虎,0.9641
CVT,0.9641
变电站,0.9641
质量关,0.9641
第三版,0.9641
特高压,0.9641
攻击性,0.9635
客户机,0.9633
会话层,0.9632
顾奎业,0.9628
供应商,0.9628
attention,0.9626
知情者,0.9625
Kim,0.9625
王志红,0.9623
郭芳园,0.9619
Vol,0.9616
涉及面,0.9615
工作站,0.9614
傻瓜化,0.9614
离不开,0.9613
专用网,0.9613
葛耀武,0.9613
芯片级,0.9613
意味着,0.9612
张艳斌,0.9608
intercept,0.9607
趋向于,0.9606
相结合,0.9604
x86,0.9604
MHZ,0.9604
Boa,0.9604
序列号,0.9598
湖北省,0.9597
USB,0.9597
Combining,0.9596
reference,0.9596
便捷性,0.9596
RSA,0.9595
发送给,0.9594
due,0.9594
bad,0.9594
取决于,0.9594
实用性,0.9594
时效性,0.9594
经济网,0.9594
强制性,0.9594
波特率,0.9594
安装盘,0.9594
EXE,0.9594
USA,0.9594
浙江省,0.9590
被称作,0.9590
SDN,0.9590
DNS,0.9589
was,0.9587
可行性,0.9587
ACL,0.9584
修改稿,0.9584
贺春林,0.9583
崔梦天,0.9583
精细化,0.9583
AES,0.9583
CST,0.9583
tcp,0.9583
NIC,0.9583
Jan,0.9583
CPE,0.9583
EDU,0.9583
cpu,0.9583
综合性,0.9580
真实性,0.9579
数据源,0.9579
大容量,0.9578
PHY,0.9578
特征值,0.9578
different,0.9576
CUI,0.9575
黑龙江,0.9575
复杂性,0.9573
Yao,0.9573
局限于,0.9572
白名单,0.9572
Yan,0.9571
用户量,0.9570
机界面,0.9570
源代码,0.9569
头文件,0.9569
文件名,0.9569
guarantee,0.9569
SECUJRITY,0.9568
discusses,0.9568
Proposals,0.9568
Protocols,0.9568
Agreement,0.9568
Asiacrypt,0.9568
seriously,0.9567
字符串,0.9563
comparing,0.9561
WeiboGong,0.9561
scenarios,0.9561
extensive,0.9561
confusion,0.9561
转发给,0.9560
密码学,0.9560
expensive,0.9557
difficult,0.9557
processor,0.9557
optimizes,0.9557
S3C2440I7,0.9557
破坏性,0.9553
Platforms,0.9550
Mingliang,0.9550
Currently,0.9550
邹智荣,0.9549
数字化,0.9549
ZOU,0.9549
可信性,0.9549
Sip,0.9549
Dip,0.9549
合法性,0.9549
间通信,0.9549
轻量化,0.9549
LIU,0.9549
TCN,0.9549
potential,0.9546
according,0.9546
obviously,0.9546
firewalld,0.9546
connected,0.9546
Inwentory,0.9546
forrester,0.9546
天融信,0.9546
Education,0.9546
According,0.9546
analyzing,0.9546
interface,0.9546
NetworkAd,0.9546
Heidemann,0.9546
Geography,0.9546
Niculescu,0.9546
Societies,0.9546
malicious,0.9540
presented,0.9540
Processor,0.9540
Multicore,0.9540
developed,0.9540
discussed,0.9540
Templates,0.9540
OptFpList,0.9540
RspFpList,0.9540
委员会,0.9535
Computers,0.9531
研究所,0.9531
Flowchart,0.9529
Strategic,0.9529
Committee,0.9529
networked,0.9529
transport,0.9529
standards,0.9529
processes,0.9529
currently,0.9529
including,0.9529
研究院,0.9519
缩略语,0.9519
网址库,0.9519
返回值,0.9519
安全值,0.9519
操作性,0.9519
依赖于,0.9519
对应性,0.9519
总流量,0.9519
序列化,0.9519
基本型,0.9519
Automatic,0.9514
Scripting,0.9514
Xenserver,0.9514
Cyber,0.9398
变异,0.9355
com,0.9316
培训,0.9296
能耗,0.9236
增长,0.9235
本质,0.9216
可疑,0.9213
组织,0.9211
阻挡,0.9210
概率,0.9210
抵挡,0.9208
保留,0.9208
补丁,0.9199
限度,0.9198
站点,0.9188
不用,0.9186
作者,0.9180
分割,0.9180
电容,0.9177
高度,0.9176
载体,0.9175
提交,0.9174
变得,0.9173
地位,0.9173
探析,0.9173
投资,0.9170
骆兵,0.9168
实行,0.9167
间谍,0.9164
改动,0.9163
实体,0.9162
专业,0.9162
福建,0.9158
易于,0.9155
卫星,0.9155
Patterns,0.9153
人类,0.9151
李菲,0.9149
容量,0.9149
内存,0.9149
反映,0.9145
抽样,0.9145
PC,0.9144
绿色,0.9144
定位,0.9144
放在,0.9143
损失,0.9142
层层,0.9142
字段,0.9140
素质,0.9138
受限,0.9138
专门,0.9137
购买,0.9137
做到,0.9136
费用,0.9136
指令,0.9133
搜索,0.9132
任意,0.9129
反馈,0.9128
公众,0.9125
储存,0.9125
用到,0.9124
文字,0.9124
受损,0.9122
月刊,0.9121
数码,0.9121
绕行,0.9121
库中,0.9121
枚举,0.9121
取值,0.9120
单机,0.9119
型号,0.9119
无关,0.9119
解释,0.9119
长度,0.9118
表示,0.9118
民族,0.9118
辅助,0.9118
Absrtact,0.9117
expounds,0.9117
applying,0.9117
登陆,0.9116
山东,0.9114
ltimedia,0.9113
表中,0.9112
西南,0.9111
发动,0.9111
改进,0.9111
提前,0.9111
应当,0.9109
缺少,0.9107
分担,0.9106
光纤,0.9106
切断,0.9106
教授,0.9102
兼容,0.9101
互通,0.9099
是从,0.9097
诸如,0.9096
沈阳,0.9096
预设,0.9094
频率,0.9093
高出,0.9093
开源,0.9092
三态,0.9090
分组,0.9090
网电,0.9090
位宽,0.9090
送入,0.9090
开封,0.9089
过于,0.9089
名字,0.9089
展开,0.9089
纳入,0.9088
Yuandong,0.9086
conducts,0.9086
流入,0.9086
时期,0.9085
参与,0.9084
视为,0.9084
授予,0.9083
检验,0.9080
简称,0.9080
形态,0.9080
通道,0.9078
运算,0.9077
适合,0.9077
示例,0.9075
网管,0.9075
建业,0.9074
绕过,0.9073
载荷,0.9070
态势,0.9067
Xianyang,0.9066
promotes,0.9066
Problems,0.9066
restrict,0.9066
greatest,0.9066
下降,0.9065
泛滥,0.9065
弹性,0.9061
作出,0.9060
完备,0.9060
explains,0.9059
tracking,0.9059
携带,0.9059
文静,0.9058
建模,0.9058
环节,0.9058
适配,0.9058
凭证,0.9058
自主,0.9058
散列,0.9058
研判,0.9058
Software,0.9058
Parallel,0.9058
wireless,0.9058
Workshop,0.9058
Bauderon,0.9058
Grammars,0.9058
Sungchul,0.9058
Dyanamic,0.9058
GLOBECOM,0.9058
Paterson,0.9058
Commerce,0.9057
studying,0.9057
enjoying,0.9057
threaten,0.9057
INTRANET,0.9057
源头,0.9056
business,0.9052
function,0.9052
invaders,0.9052
consumer,0.9051
西安电子科技大学,0.9051
能否,0.9050
遍历,0.9050
校验,0.9049
Embedded,0.9047
Boundary,0.9047
terminal,0.9047
combines,0.9047
Stateful,0.9047
enhances,0.9047
S3C2440X,0.9047
CC,0.9045
跨站,0.9044
终止,0.9041
Zhejiang,0.9040
Province,0.9040
H423000R,0.9040
整合,0.9037
Nanchong,0.9037
realizes,0.9037
provided,0.9037
Lockheed,0.9037
YFZJ0086,0.9037
国家自然科学基金,0.9037
Jonathan,0.9037
Topology,0.9037
openvas1,0.9037
filtered,0.9037
awaiting,0.9037
Severity,0.9037
Location,0.9037
RES61555,0.9037
FAKARIAH,0.9037
knocking,0.9037
scanning,0.9037
Forensic,0.9037
Approach,0.9037
tutorial,0.9037
SECURITY,0.9037
Informed,0.9037
acoustic,0.9037
Savvides,0.9037
Mobility,0.9037
限定,0.9035
Changsha,0.9030
Hardware,0.9030
Specific,0.9030
Netlogic,0.9030
IOSPress,0.9030
detailed,0.9030
UNREACH4,0.9030
plugbase,0.9030
automake,0.9030
register,0.9030
IPTABLES,0.9030
Tracking,0.9030
超出,0.9025
Infotech,0.9022
clearing,0.9022
DataBase,0.9022
huangwj2,0.9019
physical,0.9019
Decision,0.9019
Function,0.9019
products,0.9019
Mingyuan,0.9019
Zhenchen,0.9019
Shiqiang,0.9019
Wenjing1,0.9019
Zhirong1,0.9019
exposing,0.9019
spective,0.9019
presents,0.9019
过渡,0.9018
术语,0.9014
拖库,0.9014
替换,0.9014
聊天,0.9014
控件,0.9014
查阅,0.9014
导出,0.9014
掉电,0.9014
失性,0.9014
通知,0.9014
并能,0.9014
合并,0.9014
注销,0.9014
裁剪,0.9014
重启,0.9014
中长,0.9014
强度,0.9014
会议,0.9014
行数,0.9014
无误,0.9014
Messages,0.9005
Shortest,0.9005
Language,0.9005
Resource,0.9005
Yuxiong,0.8539
Central,0.8539
Desheng,0.8539
Jiangsu,0.8539
人民教育出版社,0.8539
Hexiang,0.8508
address,0.8507
serious,0.8506
Service,0.8501
achieve,0.8500
Netwook,0.8488
ZHANGHJ,0.8488
Shaanxi,0.8488
economy,0.8488
however,0.8488
degrees,0.8488
Fasheng,0.8481
Guizhou,0.8481
Finance,0.8481
concept,0.8481
several,0.8481
finally,0.8481
certain,0.8481
Intemet,0.8480
NCTINFO,0.8480
Firstly,0.8480
unknown,0.8480
rapidly,0.8480
happens,0.8480
display,0.8480
further,0.8480
threats,0.8480
overall,0.8480
Yudhvir,0.8480
schemes,0.8480
Jiannog,0.8480
Attacks,0.8480
Olivier,0.8480
Context,0.8480
Lecture,0.8480
Kwangjo,0.8480
Zhihong,0.8479
Tourism,0.8479
frewall,0.8479
entered,0.8479
brought,0.8479
leakage,0.8479
privacy,0.8479
briefly,0.8479
without,0.8474
Marcham,0.8474
GLONASS,0.8474
Traffic,0.8474
Biggest,0.8474
DonaldF,0.8474
Towsley,0.8474
becomes,0.8469
嵌入式操作系统,0.8469
DEVICOM,0.8469
Samsung,0.8469
Junjian,0.8462
Weidong,0.8462
Company,0.8462
usually,0.8462
focuses,0.8462
explore,0.8462
Browser,0.8462
Cookies,0.8462
Referen,0.8462
Unicode,0.8462
Natural,0.8459
Edition,0.8459
Affairs,0.8459
Through,0.8459
chunlin,0.8459
YFH0120,0.8459
Bennett,0.8459
FreeBSD,0.8459
OpenBSD,0.8459
project,0.8459
Against,0.8459
Warfare,0.8459
清华大学出版社,0.8459
MICHAEL,0.8459
Conceal,0.8459
EDMOYLE,0.8459
Support,0.8459
Taishan,0.8459
Medical,0.8459
reality,0.8459
applies,0.8459
balance,0.8459
exports,0.8459
sensing,0.8459
Dynamic,0.8459
grained,0.8459
sensors,0.8459
INFOCOM,0.8459
Levente,0.8459
MobiHOC,0.8459
packets,0.8452
ternary,0.8452
results,0.8452
Windows,0.8452
Content,0.8452
Circuit,0.8452
Stratix,0.8452
physics,0.8452
linkage,0.8452
include,0.8452
SOURCES,0.8452
iptabes,0.8452
VERSION,0.8452
Libpcap,0.8452
Thought,0.8444
GateWay,0.8444
Offices,0.8444
国际电工委员会,0.8442
Example,0.8442
Typical,0.8442
Synergy,0.8442
Huirong,0.8442
Transit,0.8442
Railway,0.8442
ponents,0.8442
academy,0.8442
哈尔滨工程大学,0.8442
Zhenyao,0.8442
anomaly,0.8442
profile,0.8442
Siyuan2,0.8442
service,0.8442
quality,0.8442
However,0.8442
details,0.8442
concise,0.8442
forgery,0.8427
Uniform,0.8427
Locator,0.8427
et,0.8239
age,0.8124
ip,0.8032
so,0.7873
should,0.7872
Theory,0.7841
theory,0.7841
Haojun,0.7821
starts,0.7821
extent,0.7821
recent,0.7814
higher,0.7814
Shuhan,0.7814
Timber,0.7814
AModel,0.7813
growth,0.7813
highly,0.7813
北京邮电大学,0.7813
Sharma,0.7813
Yogesh,0.7813
Victor,0.7813
Issues,0.7813
Future,0.7813
Karlof,0.7813
Wagner,0.7813
Michel,0.7813
Volume,0.7813
Groups,0.7813
Riyami,0.7813
Twente,0.7813
saving,0.7812
global,0.7812
hoping,0.7812
FCTRIC,0.7810
Bureau,0.7806
likely,0.7806
obtain,0.7806
Walker,0.7806
全球定位系统,0.7806
Cities,0.7806
eurity,0.7806
Secret,0.7806
Telnet,0.7806
Accept,0.7806
Xscale,0.7802
CDB082,0.7802
XScale,0.7802
MANUAL,0.7802
Supply,0.7795
xnmdzk,0.7792
Normal,0.7792
Ethnic,0.7792
permit,0.7792
Martin,0.7792
Format,0.7792
Client,0.7792
SHA256,0.7792
Length,0.7792
Saving,0.7792
teston,0.7792
replay,0.7792
Strong,0.7792
Nessus,0.7792
MAURYA,0.7792
jounal,0.7792
Export,0.7791
Router,0.7791
energy,0.7791
Robust,0.7791
Robots,0.7791
Hawaii,0.7791
Capkun,0.7791
Hubaux,0.7791
resist,0.7785
stable,0.7785
icloud,0.7785
CHAOHC,0.7785
SHARMA,0.7785
tching,0.7785
IJCNIS,0.7785
mature,0.7785
Option,0.7785
decode,0.7785
minute,0.7785
Helper,0.7785
helper,0.7785
issues,0.7777
taking,0.7777
period,0.7777
Branch,0.7777
csrzic,0.7774
ofrail,0.7774
Output,0.7774
Verify,0.7774
future,0.7774
Chenxi,0.7774
Shuhui,0.7774
things,0.7774
toward,0.7774
eroded,0.7774
closed,0.7774
severe,0.7774
review,0.7774
tifies,0.7774
Border,0.7759
Socket,0.7759
Tunnel,0.7759
数量,0.7756
依赖,0.7660
股份,0.7529
virus,0.7101
Plain,0.7082
Cheng,0.7074
Group,0.7070
local,0.7069
State,0.7034
计算机专业,0.7032
focus,0.7028
Kuiye,0.7025
Kaili,0.7025
daily,0.7025
服务器软件,0.7025
Huang,0.7025
利用计算机,0.7025
Cloud,0.7024
Chaba,0.7024
Singh,0.7024
Gupta,0.7024
Leung,0.7024
Henry,0.7024
Chris,0.7024
David,0.7024
Notes,0.7024
costs,0.7023
walks,0.7023
occur,0.7023
SHWED,0.7023
进入计算机,0.7023
First,0.7021
POWFR,0.7021
Hubei,0.7017
staff,0.7017
found,0.7017
DARPA,0.7017
fraud,0.7017
build,0.7013
Fiash,0.7013
TP319,0.7006
stage,0.7006
Nginx,0.7006
faced,0.7002
Chain,0.7002
pyzg1,0.7002
YC150,0.7002
knopd,0.7002
nmap1,0.7002
after,0.7002
YUNOS,0.7002
Guide,0.7002
KUMAR,0.7002
CYBER,0.7002
TOOLS,0.7002
Tools,0.7002
Gower,0.7002
ISACA,0.7002
Taian,0.7002
given,0.7002
CISCO,0.7002
Girod,0.7002
range,0.7002
finge,0.7002
Italy,0.7002
Joint,0.7002
Helps,0.7002
TP302,0.6996
field,0.6996
Cache,0.6996
FLASH,0.6996
SINGH,0.6996
Rabin,0.6996
cheng,0.6996
meets,0.6996
needs,0.6996
Reset,0.6996
Space,0.6996
help0,0.6996
stats,0.6996
hopes,0.6988
Email,0.6988
Citat,0.6985
drive,0.6985
zones,0.6985
Value,0.6985
x0000,0.6985
xFF00,0.6985
Liang,0.6985
Jikai,0.6985
urban,0.6985
Yihua,0.6985
Shuai,0.6985
Libin,0.6985
motor,0.6985
CHANG,0.6985
Jiyu1,0.6985
Times,0.6985
along,0.6985
their,0.6985
Hyper,0.6979
互联网协议,0.6970
Intra,0.6970
Media,0.6970
Query,0.6970
World,0.6970
服务器返回,0.6970
Video,0.6970
SQL92,0.6970
OS,0.6732
对称,0.6508
变电,0.6262
南京,0.6252
种类,0.6209
机密,0.6196
办法,0.6188
life,0.6182
广东,0.6178
更佳,0.6178
基数,0.6178
患及,0.6178
加系,0.6178
恶性,0.6178
机上,0.6178
留下,0.6178
自保,0.6178
找到,0.6178
本机,0.6178
创造,0.6178
脚步,0.6178
刘星,0.6178
郴州,0.6178
找出,0.6172
绍兴,0.6172
廉价,0.6172
报头,0.6172
不受,0.6172
密文,0.6171
制造,0.6159
探究,0.6157
模式识别,0.6153
精力,0.6153
电源,0.6149
现实,0.6144
界定,0.6141
MB,0.6136
陕西,0.6133
谋取,0.6133
电商,0.6133
辽宁,0.6131
名义,0.6131
截收,0.6131
免受,0.6131
好比,0.6131
城门,0.6131
内向,0.6131
外流,0.6131
追踪,0.6131
调节,0.6131
表来,0.6131
比重,0.6131
有力,0.6131
定向,0.6131
滞留,0.6131
交到,0.6131
边缘,0.6131
架设,0.6131
营造,0.6131
董毅,0.6131
武强,0.6131
敷设,0.6131
采购,0.6131
主变,0.6131
kV,0.6131
预案,0.6131
到货,0.6131
交接,0.6131
试验,0.6131
问答,0.6131
检修,0.6131
习惯,0.6131
来源,0.6131
得出,0.6128
商业,0.6125
治理,0.6119
贵州,0.6119
受众,0.6119
应从,0.6118
用电,0.6118
相应措施,0.6117
paid,0.6117
well,0.6117
表现形式,0.6117
智能家居,0.6117
键盘,0.6116
跨越,0.6116
张辉,0.6116
拨号,0.6116
防备,0.6116
指数,0.6116
监听,0.6116
废除,0.6116
无锡,0.6113
节约,0.6113
变动,0.6113
定期,0.6112
形象,0.6112
四川,0.6110
分子,0.6110
制作,0.6110
维新,0.6110
僵尸,0.6110
植入,0.6110
串联,0.6110
At,0.6110
金融,0.6110
原有,0.6109
有序,0.6105
变成,0.6105
华为,0.6104
包头,0.6103
财务,0.6103
木林,0.6103
蓝色,0.6103
导航,0.6103
北斗,0.6103
青岛,0.6103
诈骗,0.6103
泄密,0.6103
转过,0.6103
抓取,0.6103
放到,0.6103
材料,0.6102
世纪,0.6102
享受,0.6102
It,0.6101
网段,0.6099
建议,0.6098
态度,0.6098
侵袭,0.6098
申请,0.6098
笔者,0.6096
制订,0.6094
复位,0.6094
记忆,0.6094
未能,0.6094
行动,0.6092
便于,0.6091
脚本,0.6090
save,0.6089
图像,0.6088
串口,0.6088
协助,0.6088
回复,0.6087
加速,0.6087
历史,0.6086
实践经验,0.6086
监测技术,0.6086
传递数据,0.6086
建立联系,0.6086
地址映射,0.6086
概括,0.6086
汉族,0.6085
许可,0.6085
收缩,0.6084
甘肃,0.6084
维持,0.6084
指路,0.6084
现存,0.6084
高层,0.6084
原址,0.6084
分享,0.6084
宽带,0.6084
并用,0.6084
拥挤,0.6084
制止,0.6084
地点,0.6084
乡镇,0.6084
归类,0.6084
审核,0.6082
看出,0.6082
不想,0.6082
拓展,0.6082
提到,0.6081
囊括,0.6081
时能,0.6081
理想,0.6080
构件,0.6079
发来,0.6079
英才,0.6079
有着,0.6078
价格,0.6078
讨论,0.6078
克服,0.6078
节省,0.6078
所需,0.6077
突破,0.6077
弥补,0.6075
加快,0.6074
开销,0.6073
零信,0.6073
国密,0.6073
CF,0.6073
预防,0.6073
可控,0.6073
公用,0.6073
外出,0.6073
放开,0.6073
牧园,0.6073
ping,0.6073
欺骗,0.6073
值得,0.6072
炸弹,0.6071
带有,0.6071
登记,0.6071
干扰,0.6070
出行,0.6070
职能,0.6070
提醒,0.6070
娱乐,0.6069
花费,0.6069
消耗,0.6069
立体,0.6069
得以,0.6069
总线,0.6069
调试,0.6069
前景,0.6069
长沙,0.6069
网卡,0.6068
查杀,0.6068
侵害,0.6068
上网,0.6068
打包,0.6068
合规,0.6068
创新,0.6068
出发,0.6067
国际商贸,0.6066
技术落后,0.6066
个人用户,0.6066
地理环境,0.6066
总体设计,0.6066
数据保护,0.6066
充分考虑,0.6066
防范措施,0.6066
计算技术,0.6066
暴力,0.6066
扰乱,0.6065
难题,0.6063
围绕,0.6063
单向,0.6063
开头,0.6062
体积,0.6060
可知,0.6060
解扰,0.6060
包内,0.6060
食品,0.6060
构筑,0.6060
河南,0.6060
取证,0.6060
互补,0.6060
Tree,0.6060
Node,0.6060
共用,0.6060
func,0.6060
原型,0.6060
变量,0.6060
放入,0.6060
赋值,0.6060
made,0.6059
管理体系,0.6059
利用自身,0.6059
网络通讯,0.6059
网络体系,0.6059
实现目标,0.6059
敏感数据,0.6059
关键所在,0.6059
系统控制,0.6059
市场份额,0.6059
权威认证,0.6059
命名,0.6059
热点问题,0.6059
wide,0.6059
通讯设备,0.6059
机密文件,0.6059
传输数据,0.6059
智能算法,0.6059
指纹识别,0.6059
人脸识别,0.6059
核心思想,0.6059
传播速度,0.6059
重要文件,0.6059
专业技能,0.6059
信息时代,0.6059
休眠状态,0.6059
电源插座,0.6059
妥善解决,0.6058
档案管理,0.6058
符合要求,0.6058
简单易行,0.6058
充分发挥,0.6058
内部人员,0.6058
管理软件,0.6058
制造厂商,0.6058
山西大学,0.6058
山西太原,0.6058
电脑病毒,0.6058
保障体系,0.6058
科技开发,0.6058
增长速度,0.6058
HIDS,0.6058
DIDS,0.6058
IaaS,0.6058
PaaS,0.6058
SaaS,0.6058
数据中心,0.6058
管理费用,0.6058
系统文件,0.6058
远远不够,0.6058
维护费用,0.6058
时代周刊,0.6058
Ritu,0.6058
Kuri,0.6058
Kirk,0.6058
Wong,0.6058
Zeen,0.6058
LNCS,0.6058
Link,0.6058
收发,0.6057
Biao,0.6057
技术学校,0.6057
role,0.6057
only,0.6057
网络时代,0.6057
控制技术,0.6057
信息网络,0.6057
有害信息,0.6057
云南昆明,0.6055
电脑设备,0.6055
快速增长,0.6055
管理工作,0.6055
迫切需要,0.6055
权威专家,0.6055
利益驱动,0.6055
面向对象,0.6055
运作,0.6055
市场,0.6054
旨在,0.6053
元素,0.6053
闭环,0.6053
捕获,0.6053
捕捉,0.6053
电子信息,0.6052
工程学院,0.6052
能源行业,0.6052
指导作用,0.6052
符合条件,0.6052
脚本语言,0.6052
管理制度,0.6052
栏目主持,0.6052
TN99,0.6052
社会秩序,0.6052
顺利开展,0.6052
收集整理,0.6052
非军事区,0.6052
参数设置,0.6052
PPDR,0.6052
Edge,0.6052
信息科学,0.6052
GNSS,0.6052
空中交通,0.6052
系统工程,0.6052
网络理论,0.6052
电子设计,0.6052
服务器版,0.6051
FDDI,0.6051
统计数据,0.6051
详细信息,0.6051
deny,0.6051
预先安排,0.6051
控制电路,0.6051
数据通路,0.6051
实际操作,0.6051
高度负责,0.6051
冶金工业,0.6051
综述,0.6050
high,0.6050
机器,0.6050
封装,0.6050
each,0.6047
into,0.6047
rule,0.6047
RISC,0.6047
MIPS,0.6047
fash,0.6047
RJ45,0.6047
UART,0.6047
存储单元,0.6047
存储密度,0.6047
YCBO,0.6047
工作电压,0.6047
深入研究,0.6047
USER,0.6047
吉林大学,0.6047
细节,0.6046
对方,0.6046
王伟,0.6046
横向,0.6044
纵向,0.6044
假设,0.6044
思考,0.6043
陈健,0.6043
破解,0.6043
用会,0.6043
拒止,0.6043
比较突出,0.6040
much,0.6040
rich,0.6040
does,0.6040
want,0.6040
应用服务,0.6040
发出请求,0.6040
编码方式,0.6040
出生日期,0.6040
管理程序,0.6040
反向,0.6040
中车,0.6039
演进,0.6039
梳理,0.6039
管道,0.6039
部件,0.6039
分区,0.6039
迭代,0.6039
语义,0.6039
工控,0.6039
偏差,0.6039
盐值,0.6039
SK,0.6039
私钥,0.6039
生态,0.6039
依托,0.6039
规避,0.6039
证明,0.6039
地面,0.6039
地铁,0.6039
冲击,0.6037
权益,0.6037
效应,0.6037
达成,0.6037
国家民委,0.6037
控制能力,0.6037
Chun,0.6037
tian,0.6037
West,0.6037
lack,0.6037
thee,0.6037
Kill,0.6037
乌兰浩特,0.6037
GH03,0.6037
防御机制,0.6037
国家标准,0.6037
ipfw,0.6037
具体内容,0.6037
wget,0.6037
htm1,0.6037
Name,0.6037
结果表明,0.6037
动态控制,0.6037
分析模型,0.6037
MOHD,0.6037
HANI,0.6037
RASH,0.6037
blog,0.6037
docs,0.6037
OPEN,0.6037
flux,0.6037
IETF,0.6037
根据上述,0.6037
NGFW,0.6037
eth3,0.6037
明显增加,0.6037
Rose,0.6037
York,0.6037
IROS,0.6037
Vol3,0.6037
Maui,0.6037
Rome,0.6037
July,0.6037
Nath,0.6037
观察,0.6031
应非,0.6031
机电工程,0.6030
测试表明,0.6030
数据资料,0.6030
硬件加速,0.6030
Unix,0.6030
有所区别,0.6030
处理结果,0.6030
高速缓存,0.6030
日新月异,0.6030
动态随机,0.6030
搜索引擎,0.6030
人机交互,0.6030
VHDL,0.6030
描述语言,0.6030
人民邮电,0.6030
Many,0.6030
Core,0.6030
YANG,0.6030
Cost,0.6030
CUDA,0.6030
Karp,0.6030
ZHAO,0.6030
been,0.6030
both,0.6030
Smpt,0.6030
Pop3,0.6030
监视系统,0.6030
商业软件,0.6030
子网掩码,0.6030
Rule,0.6030
分配内存,0.6030
list,0.6030
执行命令,0.6030
SLIB,0.6030
NULL,0.6030
opts,0.6030
Fail,0.6030
true,0.6022
黑龙江省,0.6022
公司出品,0.6022
金山毒霸,0.6022
邮箱地址,0.6022
巨大变化,0.6022
全面实施,0.6022
电信技术,0.6022
全国,0.6021
字典,0.6021
电力机车,0.6019
服务质量,0.6019
U298,0.6019
日益频繁,0.6019
经济损失,0.6019
输入输出,0.6019
区域系统,0.6019
分析阶段,0.6019
接受程度,0.6019
VLAN,0.6019
存储状态,0.6019
符合标准,0.6019
计算资源,0.6019
特征提取,0.6019
安全事件,0.6019
数字证书,0.6019
Salt,0.6019
公开密钥,0.6019
计算能力,0.6019
基础架构,0.6019
功能模块,0.6019
数据模型,0.6019
单点故障,0.6019
收益分配,0.6019
系统维护,0.6019
DApp,0.6019
环境噪声,0.6019
信号系统,0.6019
TCMS,0.6019
高速运行,0.6019
通信安全,0.6019
TIAN,0.6019
DING,0.6019
Chao,0.6019
Ying,0.6019
JIAN,0.6019
IACS,0.6019
ZHOU,0.6019
mass,0.6019
Jun1,0.6019
准则,0.6009
专利,0.6009
伸缩,0.6009
迁移,0.6009
总额,0.6009
空闲,0.6009
解除,0.6009
活跃,0.6009
次数,0.6009
特权,0.6009
警示,0.6009
歧义,0.6009
自测,0.6009
潜力,0.6009
选路,0.6009
直到,0.6009
盗链,0.6009
条款,0.6009
监督管理,0.6005
科技股份,0.6005
软件技术,0.6005
数据文件,0.6005
site,0.6005
非军事化,0.6005
Zone,0.6005
File,0.6005
Mail,0.6005
网际协议,0.6005
IPV6,0.6005
Path,0.6005
Peer,0.6005
peer,0.6005
查询语言,0.6005
Wide,0.6005
EAL2,0.6005
EAL4,0.6005
端口映射,0.6005
分配资源,0.6005
特定条件,0.6005
Text,0.6005
教育,0.5207
ability,0.5203
国际,0.5110
旁观者,0.4908
透明度,0.4908
借助于,0.4908
高标准,0.4872
罗仕鉴,0.4872
秦曾煌,0.4872
濮良贵,0.4872
第八版,0.4872
use,0.4863
LAN,0.4858
钱和祥,0.4841
用户群,0.4841
ACK,0.4841
集中度,0.4841
多任务,0.4841
ACM,0.4828
Jia,0.4823
切入点,0.4821
多媒体,0.4821
变异性,0.4821
时间差,0.4821
受限制,0.4821
程如图,0.4821
大限度,0.4821
发送者,0.4821
万志华,0.4821
余丽华,0.4821
元器件,0.4821
刘立锋,0.4821
吕镇邦,0.4821
吴广茂,0.4821
rsp,0.4814
IPT,0.4814
刘发胜,0.4814
黔东南,0.4814
Liu,0.4814
合理性,0.4814
类产品,0.4814
层次化,0.4814
陈秀君,0.4814
方媛媛,0.4814
李丹梅,0.4814
汤志福,0.4814
姜国栋,0.4814
孟庆威,0.4814
黄书寒,0.4814
综合部,0.4814
hot,0.4814
etc,0.4814
RC5,0.4814
DES,0.4814
警惕性,0.4814
陌生人,0.4814
低能耗,0.4814
电设备,0.4814
办公区,0.4814
清河门,0.4813
档案室,0.4813
张云艳,0.4813
工作者,0.4813
速度慢,0.4813
识别率,0.4813
共享性,0.4813
原始性,0.4813
TOP,0.4813
选择地,0.4813
检查和,0.4813
终端机,0.4813
方便性,0.4813
动态性,0.4813
企事业,0.4813
复制到,0.4813
公文包,0.4813
提供商,0.4813
着重于,0.4813
录下来,0.4813
病毒库,0.4813
毒软件,0.4813
系统地,0.4813
信任度,0.4813
复杂化,0.4813
方滨兴,0.4813
云晓春,0.4813
C10,0.4813
李伟华,0.4813
Lee,0.4813
Cao,0.4813
And,0.4813
Rui,0.4813
Heo,0.4813
Law,0.4813
WSN,0.4813
多元化,0.4812
副教授,0.4812
代表性,0.4812
GIL,0.4812
高级别,0.4812
对外部,0.4812
犯罪率,0.4812
出发点,0.4812
冯海云,0.4812
智能型,0.4812
李荣健,0.4812
胡立彪,0.4812
彭兴伟,0.4812
朱游龙,0.4812
现状及,0.4810
小型机,0.4810
RFC,0.4810
缓冲区,0.4810
四元组,0.4810
昆明人,0.4810
Zhi,0.4808
田吉凤,0.4807
短时间,0.4807
得不到,0.4807
服务型,0.4807
特殊化,0.4807
ASA,0.4807
GUI,0.4807
鄂州市,0.4806
may,0.4806
证券类,0.4806
不利于,0.4806
进行性,0.4806
DOS,0.4806
相连接,0.4806
过渡带,0.4806
效率高,0.4806
范围广,0.4806
结构图,0.4806
icm,0.4806
张云卿,0.4806
薛毅飞,0.4806
严承华,0.4806
刘龙龙,0.4806
张建辉,0.4806
唐拥政,0.4806
工学院,0.4806
段华琼,0.4806
唐宾徽,0.4806
Tom,0.4806
薛树强,0.4806
杨元喜,0.4806
韩松辉,0.4806
归庆明,0.4806
李长会,0.4806
GPS,0.4806
尹芳芳,0.4806
沈昱明,0.4806
王红勇,0.4806
温瑞英,0.4806
乔忠亮,0.4806
Ten,0.4806
铁路网,0.4806
朱陈平,0.4806
张永梅,0.4806
刘小廷,0.4806
NFS,0.4806
双学士,0.4806
防盗门,0.4806
一连串,0.4806
数据链,0.4806
连通性,0.4806
组织者,0.4806
消费者,0.4806
郝玉洁,0.4806
张海平,0.4806
沈学利,0.4806
副主编,0.4806
SHA,0.4805
苏义鑫,0.4802
王树佳,0.4802
X86,0.4802
Xin,0.4802
SPI,0.4802
通信量,0.4802
依附于,0.4802
性价比,0.4802
指令集,0.4802
MMU,0.4802
低功耗,0.4802
单芯片,0.4802
模块化,0.4802
编写成,0.4802
CGI,0.4802
网络状,0.4802
宁宇鹏,0.4802
王常杰,0.4802
王育民,0.4802
张锦祥,0.4802
吴军利,0.4802
陈作人,0.4802
邓国清,0.4802
王均健,0.4795
程炜东,0.4795
Luo,0.4795
中间层,0.4795
专业化,0.4795
端系统,0.4795
积极性,0.4795
攻击点,0.4795
高效性,0.4795
计算所,0.4795
新思路,0.4795
NFV,0.4795
哈尔滨,0.4792
实验室,0.4792
蒙古族,0.4792
内蒙古,0.4792
四川省,0.4792
华师大,0.4792
MD5,0.4792
Mac,0.4792
L0m,0.4792
刘文彦,0.4792
霍树民,0.4792
cac,0.4792
卢开澄,0.4792
李志超,0.4792
RAJ,0.4792
刘建华,0.4792
陈本峰,0.4792
李建忠,0.4792
周序林,0.4792
于承斌,0.4791
医学院,0.4791
配置图,0.4791
ftp,0.4791
图书馆,0.4791
校圆网,0.4791
金融学,0.4791
利用率,0.4791
张卫东,0.4791
田生伟,0.4791
陈海强,0.4791
New,0.4791
RSJ,0.4791
APS,0.4791
AOA,0.4791
Hoc,0.4791
中图法,0.4785
MCU,0.4785
ISO,0.4785
硕士生,0.4785
博士生,0.4785
骨干网,0.4785
透明性,0.4785
电信号,0.4785
还原成,0.4785
误码率,0.4785
XFP,0.4785
高速率,0.4785
收发器,0.4785
集成化,0.4785
控系统,0.4785
性功能,0.4785
GPP,0.4785
录音机,0.4785
周期长,0.4785
错误率,0.4785
编程器,0.4785
通用性,0.4785
LUT,0.4785
PLD,0.4785
周期短,0.4785
全双工,0.4785
SGX,0.4785
SGT,0.4785
精确性,0.4785
SSD,0.4785
信号源,0.4785
可任意,0.4785
陈世文,0.4785
黄万伟,0.4785
汪立东,0.4785
钱丽萍,0.4785
王建东,0.4785
谢应科,0.4785
刘纯武,0.4785
微型机,0.4785
CHU,0.4785
SJH,0.4785
PCC,0.4785
GPU,0.4785
Ftp,0.4785
粗粒度,0.4785
RST,0.4785
RTX,0.4785
OTS,0.4785
EXT,0.4785
库函数,0.4785
sre,0.4785
段时间,0.4785
day,0.4785
曹汉平,0.4785
工程版,0.4785
张惠卿,0.4785
肖德宝,0.4785
徐艳杰,0.4785
唐彦儒,0.4777
立足于,0.4777
显现出,0.4777
致命性,0.4777
系主任,0.4777
系统性,0.4777
传染性,0.4777
防护性,0.4777
新病毒,0.4777
现实性,0.4777
长期性,0.4777
马广宇,0.4777
刘海峰,0.4777
王薪凯,0.4777
喻星晨,0.4777
陆文红,0.4777
SAC,0.4776
陶吉宇,0.4774
供应链,0.4774
系统化,0.4774
舒适性,0.4774
大方向,0.4774
守门员,0.4774
断路器,0.4774
区域间,0.4774
误报率,0.4774
确定性,0.4774
rwx,0.4774
数量级,0.4774
TLS,0.4774
SSL,0.4774
容错性,0.4774
展现出,0.4774
通信网,0.4774
动车组,0.4774
新加坡,0.4774
规模化,0.4774
体系化,0.4774
新格局,0.4774
田慧蓉,0.4774
WEI,0.4774
刘明远,0.4774
GAO,0.4774
张立斌,0.4774
car,0.4774
常振臣,0.4774
王世强,0.4774
吴贞尧,0.4774
TAO,0.4774
big,0.4774
ICS,0.4759
公安部,0.4759
启明星,0.4759
起草人,0.4759
王志佳,0.4759
邹春明,0.4759
雷晓锋,0.4759
叶晓虎,0.4759
陈华平,0.4759
谌德俊,0.4759
申永波,0.4759
第六版,0.4759
Log,0.4759
定位器,0.4759
万维网,0.4759
数据字,0.4759
SMB,0.4759
lin,0.3645
For,0.3257
扩大,0.3256
知识,0.3238
思路,0.3182
护性,0.3178
图书,0.3178
卫士,0.3161
处身,0.3153
局外,0.3153
使网,0.3153
遏制,0.3153
定量,0.3153
警告,0.3153
堆栈,0.3153
阻塞,0.3153
窜改,0.3153
分层,0.3153
湖北,0.3134
安排,0.3131
电压,0.3131
技能,0.3131
插座,0.3118
中原,0.3117
得生,0.3117
实业,0.3117
江苏,0.3117
主题,0.3117
核对,0.3117
耗费,0.3117
归档,0.3117
空隙,0.3117
压力,0.3117
陈军,0.3117
戴辉,0.3117
黄熙,0.3117
手持,0.3117
建中,0.3117
太原,0.3113
周刊,0.3110
专家,0.3108
犯罪,0.3104
消费,0.3103
集中,0.3102
政策,0.3088
远东,0.3086
谨供,0.3086
大家,0.3086
又称,0.3086
做为,0.3086
条目,0.3086
感觉,0.3086
握手,0.3086
转移,0.3086
附结,0.3086
看待,0.3086
表与,0.3086
包该,0.3086
表里,0.3086
值到,0.3086
陷入,0.3086
不知,0.3086
时才,0.3086
部同,0.3086
鉴定,0.3086
分散,0.3086
plug,0.3084
人民,0.3084
断路,0.3084
规模,0.3077
媒体,0.3077
scan,0.3073
全球,0.3069
功耗,0.3069
咸阳,0.3066
On,0.3066
贯彻,0.3066
理念,0.3066
动力,0.3066
战略,0.3066
举措,0.3066
常会,0.3066
不明,0.3066
突发,0.3066
光缆,0.3066
地震,0.3066
作业,0.3066
航运,0.3066
陆地,0.3066
暴雨,0.3066
雷电,0.3066
编制,0.3066
程中,0.3066
正版,0.3066
官方,0.3066
抽象,0.3066
共性,0.3066
下文,0.3066
列举,0.3066
形容,0.3066
时需,0.3066
登入,0.3066
Kd,0.3066
事故,0.3066
使计,0.3066
金超,0.3066
资讯,0.3066
热点,0.3065
LU,0.3060
引擎,0.3060
Gate,0.3060
骨干,0.3060
器件,0.3060
元组,0.3060
博士,0.3059
成就,0.3059
法律,0.3059
改善,0.3059
损坏,0.3059
分开,0.3059
压缩,0.3059
相邻,0.3059
密匙,0.3059
熟悉,0.3059
训练,0.3059
扩容,0.3059
选购,0.3059
界限,0.3059
美英,0.3059
丽珠,0.3059
效运,0.3059
导刊,0.3059
浅析,0.3059
遭遇,0.3059
缩小,0.3059
距离,0.3059
专网,0.3059
穿透,0.3059
减慢,0.3059
背包,0.3059
仿生,0.3059
推出,0.3059
转向,0.3059
声控,0.3059
权重,0.3059
死机,0.3059
等现,0.3059
防毒,0.3059
只读,0.3059
盲目,0.3059
端正,0.3059
人人,0.3059
引进,0.3059
消化,0.3059
出新,0.3059
耗电,0.3059
充电,0.3059
电能,0.3059
放电,0.3059
唤醒,0.3059
电量,0.3059
摆放,0.3059
展牌,0.3059
发放,0.3059
短信,0.3059
生动,0.3059
关停,0.3059
空调,0.3059
照明,0.3059
阜矿,0.3058
保管,0.3058
录人,0.3058
录入,0.3058
缺失,0.3058
广域,0.3058
删改,0.3058
对抗,0.3058
产物,0.3058
有机,0.3058
备有,0.3058
表对,0.3058
商用,0.3058
全世,0.3058
上有,0.3058
流行,0.3058
转接,0.3058
户能,0.3058
划得,0.3058
连人,0.3058
连入,0.3058
肯定,0.3058
外人,0.3058
调阅,0.3058
馆内,0.3058
馆员,0.3058
统中,0.3058
万能,0.3058
墙将,0.3058
走出,0.3058
穿过,0.3058
隔断,0.3058
蔓延,0.3058
过分,0.3058
时应,0.3058
本馆,0.3058
极具,0.3058
政治,0.3058
物质,0.3058
下会,0.3058
经受,0.3058
功击,0.3058
磁盘,0.3058
磁带,0.3058
中带,0.3058
偷窃,0.3058
接近,0.3058
人力,0.3058
企图,0.3058
对付,0.3058
进攻,0.3058
配给,0.3058
云中,0.3058
电网,0.3058
比喻,0.3058
说法,0.3058
要素,0.3058
侵信,0.3058
将云,0.3058
云计,0.3058
甲心,0.3058
口志,0.3058
有用,0.3058
访同,0.3058
对像,0.3058
侵检,0.3058
端点,0.3058
自治,0.3058
大规,0.3058
杨武,0.3058
力量,0.3058
C6,0.3058
潘炜,0.3058
朱烨,0.3058
戴冠,0.3058
止水,0.3058
智慧,0.3058
复原,0.3058
给定,0.3058
Ly,0.3058
成飚,0.3057
旅游,0.3057
看成,0.3057
机架,0.3057
布线,0.3057
出入,0.3057
时延,0.3057
耗尽,0.3057
爆发,0.3057
仙居,0.3057
享有,0.3057
特指,0.3057
截取,0.3057
知道,0.3057
坚强,0.3057
后盾,0.3057
王炳,0.3057
事务,0.3057
读取,0.3057
存有,0.3057
组装,0.3057
等来,0.3057
重置,0.3057
流动,0.3057
信域,0.3057
域名,0.3057
技脂,0.3057
去除,0.3057
降到,0.3057
签署,0.3057
痕迹,0.3057
应有,0.3057
谢琳,0.3057
高涌,0.3057
刘艳,0.3057
赵强,0.3057
依法,0.3057
邓泽,0.3057
对策,0.3057
朱莉,0.3057
热门,0.3055
滥用,0.3055
网游,0.3055
困扰,0.3055
仅靠,0.3055
我局,0.3055
违背,0.3055
习和,0.3055
流氓,0.3055
猜测,0.3055
探测,0.3055
广告,0.3055
碎片,0.3055
汇聚,0.3055
测到,0.3055
分片,0.3055
信誉,0.3055
给予,0.3055
渗入,0.3055
侵犯,0.3055
局部,0.3055
纬度,0.3055
联接,0.3055
透过,0.3055
外层,0.3055
部暑,0.3055
FI,0.3055
炒股,0.3055
辨识,0.3055
净化,0.3055
减轻,0.3055
弱点,0.3055
成因,0.3052
困境,0.3052
上线,0.3052
数代,0.3052
出色,0.3052
地将,0.3052
封堵,0.3052
相似,0.3052
回到,0.3052
断绝,0.3052
走向,0.3052
摆设,0.3052
人数,0.3052
双机,0.3052
YE,0.3052
亟需,0.3052
上升,0.3052
银行,0.3052
稿件,0.3052
浠水,0.3052
彰显,0.3052
察觉,0.3052
传达,0.3052
接触,0.3052
把关,0.3052
桥梁,0.3052
种植,0.3052
开来,0.3052
地带,0.3052
点击,0.3052
选框,0.3052
勾选,0.3052
曲线,0.3052
放火,0.3052
全宇,0.3052
何苗,0.3052
春晖,0.3052
杨梦,0.3052
春风,0.3052
盐城,0.3052
朱艳,0.3052
线性,0.3052
下转,0.3052
星座,0.3052
构型,0.3052
陈坡,0.3052
弹箭,0.3052
制导,0.3052
李森,0.3052
刘宁,0.3052
杨昊,0.3052
纺织,0.3052
赵嶷,0.3052
度量,0.3052
李平,0.3052
熊星,0.3052
江永,0.3052
孙蔚,0.3052
马骏,0.3052
商娟,0.3052
刘静,0.3052
wu,0.3051
海军,0.3051
特勤,0.3051
疗养,0.3051
看法,0.3051
助力,0.3051
伴随,0.3051
急需,0.3051
钥匙,0.3051
课题,0.3051
构架,0.3051
枣庄,0.3051
通俗,0.3051
相通,0.3051
上看,0.3051
剥离,0.3051
摆渡,0.3051
攻破,0.3051
忽视,0.3051
常征,0.3051
徐明,0.3051
端阳,0.3051
张剑,0.3051
钱伟,0.3051
下册,0.3051
SU,0.3047
l2,0.3047
延伸,0.3047
认可,0.3047
U盘,0.3047
适于,0.3047
框图,0.3047
移植,0.3047
可达,0.3047
写入,0.3047
擦除,0.3047
故本,0.3047
始化,0.3047
包过,0.3047
私网,0.3047
出该,0.3047
海量,0.3047
学科,0.3047
对数,0.3047
含有,0.3047
墙会,0.3047
推广,0.3047
阎慧,0.3047
张森,0.3047
秦浩,0.3047
德政,0.3047
金牛,0.3047
文华,0.3047
理学,0.3047
长春,0.3047
赵轩,0.3047
经验,0.3043
顶层,0.3040
群创,0.3040
绘图,0.3040
音频,0.3040
端会,0.3040
筛查,0.3040
多变,0.3040
体量,0.3040
进来,0.3040
综上,0.3040
成库,0.3040
认定,0.3040
所指,0.3040
辨别,0.3040
秘钥,0.3040
共计,0.3040
性别,0.3040
走私,0.3040
存档,0.3040
劣势,0.3040
分段,0.3040
桥接,0.3040
当成,0.3040
网元,0.3040
李生,0.3040
李研,0.3040
张磊,0.3040
程振,0.3040
粒度,0.3039
分发,0.3039
借助,0.3037
西华,0.3037
南充,0.3037
缓解,0.3037
用以,0.3037
须要,0.3037
马丁,0.3037
侦察,0.3037
广安,0.3037
美国,0.3037
采纳,0.3037
范式,0.3037
附加,0.3037
直至,0.3037
拆除,0.3037
约定,0.3037
搜集,0.3037
诞生,0.3037
Fw,0.3037
地方,0.3037
置为,0.3037
包后,0.3037
OK,0.3037
全青,0.3037
协调,0.3037
王凯,0.3037
荣昌,0.3037
余海,0.3037
郭庆,0.3037
利国,0.3037
海涛,0.3037
冀托,0.3037
张阳,0.3037
付强,0.3037
和力,0.3037
罗敏,0.3037
英文,0.3037
泰山,0.3037
泰安,0.3037
指出,0.3037
科研,0.3037
出于,0.3037
租用,0.3037
图示,0.3037
案例,0.3037
存留,0.3037
回指,0.3037
对接,0.3037
要绕,0.3037
回来,0.3037
增多,0.3037
事实,0.3037
取新,0.3037
使访,0.3037
实质,0.3037
流出,0.3037
束缚,0.3037
网访,0.3037
主页,0.3037
体如,0.3037
设为,0.3037
划定,0.3037
导入,0.3037
黄敏,0.3037
肖捷,0.3037
禹龙,0.3037
建国,0.3037
Xu,0.3037
O1,0.3037
JP,0.3037
感知,0.3030
精简,0.3030
兼顾,0.3030
语音,0.3030
现行,0.3030
层级,0.3030
导师,0.3030
归结,0.3030
功效,0.3030
重量,0.3030
布局,0.3030
相联,0.3030
单波,0.3030
接人,0.3030
高端,0.3030
电磁,0.3030
前向,0.3030
来收,0.3030
高达,0.3030
牺牲,0.3030
广义,0.3030
来讲,0.3030
赋予,0.3030
超速,0.3030
硬盘,0.3030
读写,0.3030
单片,0.3030
总量,0.3030
恢复,0.3030
表项,0.3030
关健,0.3030
组匹,0.3030
极端,0.3030
组信,0.3030
得知,0.3030
命中,0.3030
可令,0.3030
解是,0.3030
必备,0.3030
排名,0.3030
陈宁,0.3030
李忠,0.3030
重庆,0.3030
祝超,0.3030
朱晴,0.3030
cC,0.3030
顺应,0.3030
前言,0.3030
把握,0.3030
试图,0.3030
反应,0.3030
告知,0.3030
无能,0.3030
修订,0.3030
民权,0.3030
替代,0.3030
内核,0.3030
插入,0.3030
误用,0.3030
规库,0.3030
伪装,0.3030
模板,0.3030
分成,0.3030
挂接,0.3030
册该,0.3030
并加,0.3030
数组,0.3030
充该,0.3030
声明,0.3030
序名,0.3030
初值,0.3030
加载,0.3030
编译,0.3030
丢掉,0.3030
包数,0.3030
递给,0.3030
指针,0.3030
表达,0.3030
含意,0.3030
动后,0.3030
流人,0.3030
无用,0.3030
张翔,0.3030
下用,0.3030
王军,0.3030
华中,0.3030
了以,0.3022
打造,0.3022
潮流,0.3022
崩溃,0.3022
校企,0.3022
共建,0.3022
合作,0.3022
共育,0.3022
改革,0.3022
河北,0.3022
保坻,0.3022
分化,0.3022
报废,0.3022
发作,0.3022
网震,0.3022
地质,0.3022
枯竭,0.3022
行使,0.3022
延长,0.3022
不法,0.3022
查处,0.3022
外延,0.3022
放大,0.3022
倍增,0.3022
要点,0.3022
搭设,0.3022
防治,0.3022
奇虎,0.3022
变种,0.3022
留有,0.3022
举报,0.3022
认识,0.3022
精神,0.3022
同仁,0.3022
全力,0.3022
沈菁,0.3022
基线,0.3022
金金,0.3022
赵章,0.3022
姚衡,0.3022
王亨,0.3022
晶晶,0.3022
硅谷,0.3022
容灾,0.3022
蒙劲,0.3022
小议,0.3022
旬刊,0.3022
余斌,0.3022
思源,0.3019
电气,0.3019
运输,0.3019
打破,0.3019
脉络,0.3019
归纳,0.3019
备受,0.3019
展望,0.3019
方针,0.3019
唐军,0.3019
传动,0.3019
到位,0.3019
直观,0.3019
上将,0.3019
需在,0.3019
需对,0.3019
等以,0.3019
人为,0.3019
规约,0.3019
产出,0.3019
项点,0.3019
贯穿,0.3019
涵盖,0.3019
解读,0.3019
调查,0.3019
引入,0.3019
f1,0.3019
f2,0.3019
fn,0.3019
值域,0.3019
予以,0.3019
优于,0.3019
预定,0.3019
机理,0.3019
规律,0.3019
样本,0.3019
清洗,0.3019
覆盖,0.3019
溯源,0.3019
留存,0.3019
镜像,0.3019
逆向,0.3019
视图,0.3019
预存,0.3019
辅以,0.3019
时所,0.3019
测量,0.3019
颁发,0.3019
为待,0.3019
核验,0.3019
归属,0.3019
手动,0.3019
方可,0.3019
需先,0.3019
数学,0.3019
公私,0.3019
和验,0.3019
耗时,0.3019
账本,0.3019
协作,0.3019
副本,0.3019
了系,0.3019
广播,0.3019
发行,0.3019
引发,0.3019
失真,0.3019
蓄意,0.3019
剔除,0.3019
牵引,0.3019
车地,0.3019
岛线,0.3019
宁波,0.3019
车型,0.3019
更具,0.3019
韧性,0.3019
转变,0.3019
魏亮,0.3019
丁超,0.3019
陈英,0.3019
纪凯,0.3019
轶华,0.3019
郜帅,0.3019
晨曦,0.3019
李畅,0.3019
铁道,0.3019
淑辉,0.3019
张尧,0.3019
WU,0.3019
起草,0.3009
总局,0.3005
承担,0.3005
归口,0.3005
安信,0.3005
网神,0.3005
神州,0.3005
绿盟,0.3005
网康,0.3005
华金,0.3005
新华,0.3005
蓝盾,0.3005
中安,0.3005
星云,0.3005
上海,0.3005
上讯,0.3005
俞优,0.3005
陆臻,0.3005
沈亮,0.3005
陆磊,0.3005
顾健,0.3005
吴云,0.3005
熊瑛,0.3005
周杰,0.3005
亚东,0.3005
王猛,0.3005
潘云,0.3005
杨晨,0.3005
王晖,0.3005
不注,0.3005
碰撞,0.3005
伪造,0.3005
网间,0.3005
穿越,0.3005
话数,0.3005
出错,0.3005
风暴,0.3005
冒用,0.3005
账户,0.3005
网线,0.3005
互访,0.3005
清除,0.3005
增大,0.3005
高于,0.3005
抢占,0.3005
启停,0.3005
时限,0.3005
混淆,0.3005
因子,0.3005
核查,0.3005
足以,0.3005
了要,0.3005
期望,0.3005
So,0.2574
how,0.2476
ARM,0.2471
Con,0.1788
LI,0.1539
开发,0.1363
way,0.1242
办公,0.1148
山西,0.1102
Ad,0.0740
port,0.0619
算机,0.0548
火墙,0.0470
文献,0.0423
可靠,0.0329
防火,0.0321
DS,0.0307
分布,0.0288
words,0.0284
嵌入,0.0277
交换,0.0252
远程,0.0247
客户,0.0227
IM,0.0219
保密,0.0207
工程,0.0205
互联,0.0200
work,0.0184
参考,0.0182
人工,0.0175
活性,0.0153
analyze,0.0152
代理服务,0.0150
EB,0.0147
protect,0.0146
视频,0.0144
it,0.0143
Li,0.0131
局限,0.0131
邮件,0.0126
problem,0.0126
供电,0.0121
浏览,0.0119
Gong,0.0117
user,0.0117
监督,0.0117
误码,0.0117
有助,0.0117
电工,0.0117
Int,0.0110
编辑,0.0106
扩展性,0.0105
缺点,0.0105
集团,0.0104
ISA,0.0104
bring,0.0103
